feature,coef
is_local,0.123766686077
is_female,0.07350391402469199
has_club_int,0.04490117066013763
lead_days,0.011985036196641617
age,-0.01408707727140145
promo_int,-0.15053231498296957
