feature,coef
has_club_int,0.32066998113318806
lead_days,0.05465382739216025
promo_int,0.012936720960193694
age,-0.07904608900651168
is_local,-0.25438619189321743
is_female,-0.5232461689365944
